"0","apply(m, 2, mysd)
"
"1","[1]"
"1"," 34.64486"
"1"," 24.89087"
"1"," 30.61517"
"1"," 24.36049"
"1","
"
