"0","apply(m, 1, mysd)
"
"1"," [1]"
"1"," 39.533741"
"1","  7.958224"
"1"," 22.381168"
"1"," 12.138094"
"1"," 37.491110"
"1"," 13.937360"
"1","  7.455423"
"1"," 10.801234"
"1"," 38.423083"
"1","
"
"1","[10]"
"1"," 43.543082"
"1","
"
